Sample,Gene,SNP,NeST(cali),NeST(2.0.0st),NeST(2.0.1),NFNeST,NFNeST(NoCov75%),NFNeST(bbduk1),Geneious,Control
3D7,CYTOb,I258M,WT,WT,WT,NA,Wildtype,Wildtype,NA,NA
3D7,CYTOb,Y268S,WT,WT,WT,NA,Wildtype,Wildtype,NA,NA
3D7,PfCRT,C72S,WT,WT,WT,Wildtype,Wildtype,Wildtype,NA,WT
3D7,PfCRT,V73V,WT,WT,WT,Wildtype,Wildtype,Wildtype,NA,WT
3D7,PfCRT,M74I,WT,WT,WT,Wildtype,Wildtype,Wildtype,NA,WT
3D7,PfCRT,N75E,WT,WT,WT,Wildtype,Wildtype,Wildtype,NA,WT
3D7,PfCRT,K76T,WT,WT,WT,Wildtype,Wildtype,Wildtype,NA,WT
3D7,PfCRT,A220S,WT,WT,WT,Wildtype,Wildtype,Wildtype,NA,NA
3D7,PfCRT,Q271E,WT,WT,WT,Wildtype,Wildtype,Wildtype,NA,NA
3D7,PfCRT,N326S,WT,WT,WT,Wildtype,Wildtype,Wildtype,NA,NA
3D7,PfCRT,C350S,WT,WT,WT,Wildtype,Wildtype,Wildtype,NA,NA
3D7,PfCRT,I356T,WT,WT,WT,Wildtype,Wildtype,Wildtype,NA,NA
3D7,PfCRT,R371I,WT,WT,WT,Wildtype,Wildtype,Wildtype,NA,NA
3D7,DHFR,N51I,WT,WT,WT,Wildtype,Wildtype,Wildtype,NA,WT
3D7,DHFR,C59R,WT,WT,WT,Wildtype,Wildtype,Wildtype,NA,WT
3D7,DHFR,S108N,WT,WT,WT,Wildtype,Wildtype,Wildtype,NA,WT
3D7,DHFR,I164L,WT,WT,WT,Wildtype,Wildtype,Wildtype,NA,WT
3D7,DHPS,S436A,WT,WT,WT,Wildtype,Wildtype,Wildtype,NA,WT
3D7,DHPS,S436F,WT,WT,WT,NA,NA,NA,NA,WT
3D7,DHPS,A437G,WT,A437G,A437G,Major,Major,Major,A437G,NA
3D7,DHPS,K540E,WT,WT,WT,Wildtype,Wildtype,Wildtype,NA,WT
3D7,DHPS,A581G,WT,WT,WT,Wildtype,Wildtype,Wildtype,NA,WT
3D7,DHPS,A613S,WT,WT,WT,Wildtype,Wildtype,Wildtype,NA,WT
3D7,DHPS,A613T,WT,WT,WT,NA,NA,NA,NA,WT
3D7,K13,P441L,WT,WT,WT,Wildtype,Wildtype,Wildtype,NA,NA
3D7,K13,F446I,WT,WT,WT,NA,NA,NA,NA,NA
3D7,K13,G449A,WT,WT,WT,Wildtype,Wildtype,Wildtype,NA,NA
3D7,K13,N458Y,WT,WT,WT,NA,NA,NA,NA,NA
3D7,K13,C469Y,WT,WT,WT,Wildtype,Wildtype,Wildtype,NA,NA
3D7,K13,M476I,WT,WT,WT,NA,NA,NA,NA,NA
3D7,K13,A481V,WT,WT,WT,Wildtype,Wildtype,Wildtype,NA,NA
3D7,K13,Y493H,WT,WT,WT,NA,NA,NA,NA,NA
3D7,K13,S533C,WT,WT,WT,NA,NA,NA,NA,NA
3D7,K13,N537I,WT,WT,WT,Wildtype,Wildtype,Wildtype,NA,NA
3D7,K13,G538V,WT,WT,WT,Wildtype,Wildtype,Wildtype,NA,NA
3D7,K13,R539T,WT,WT,WT,NA,NA,NA,NA,NA
3D7,K13,I543T,WT,WT,WT,NA,NA,NA,NA,NA
3D7,K13,P553L,WT,WT,WT,NA,NA,NA,NA,NA
3D7,K13,R561H,WT,WT,WT,NA,NA,NA,NA,NA
3D7,K13,V568G,WT,WT,WT,Wildtype,Wildtype,Wildtype,NA,NA
3D7,K13,P574L,WT,WT,WT,NA,NA,NA,NA,NA
3D7,K13,A578S,WT,WT,WT,NA,NA,NA,NA,NA
3D7,K13,C580Y,WT,WT,WT,NA,NA,NA,NA,NA
3D7,K13,D584V,WT,WT,WT,Wildtype,Wildtype,Wildtype,NA,NA
3D7,K13,A675V,WT,WT,WT,Wildtype,Wildtype,Wildtype,NA,NA
3D7,PfMDR1,N86Y,WT,WT,WT,Wildtype,Wildtype,Wildtype,NA,WT
3D7,PfMDR1,Y184F,WT,WT,WT,Wildtype,Wildtype,Wildtype,NA,WT
3D7,PfMDR1,S1034C,WT,WT,WT,Wildtype,Wildtype,Wildtype,NA,WT
3D7,PfMDR1,N1042D,WT,WT,WT,Wildtype,Wildtype,Wildtype,NA,WT
3D7,PfMDR1,D1246Y,WT,WT,WT,Wildtype,Wildtype,Wildtype,NA,WT
7G8,CYTOb,I258M,WT,WT,WT,NA,Wildtype,Wildtype,NA,NA
7G8,CYTOb,Y268S,WT,WT,WT,NA,Wildtype,Wildtype,NA,NA
7G8,PfCRT,C72S,WT,C72S,C72S,Major,Major,Major,C72S,C72S
7G8,PfCRT,V73V,WT,WT,WT,Wildtype,Wildtype,Wildtype,NA,WT
7G8,PfCRT,M74I,WT,WT,WT,Wildtype,Wildtype,Wildtype,NA,WT
7G8,PfCRT,N75E,WT,WT,WT,Wildtype,Wildtype,Wildtype,NA,WT
7G8,PfCRT,K76T,K76T,K76T,K76T,Major,Major,Major,K76T,K76T
7G8,PfCRT,A220S,WT,A220S,A220S,Major,Major,Major,A220S,NA
7G8,PfCRT,Q271E,WT,WT,WT,Wildtype,Wildtype,Wildtype,NA,NA
7G8,PfCRT,N326S,WT,WT,WT,Wildtype,Wildtype,Wildtype,NA,NA
7G8,PfCRT,C350S,WT,WT,WT,Wildtype,Wildtype,Wildtype,NA,NA
7G8,PfCRT,I356T,WT,WT,WT,Major,Major,Major,NA,NA
7G8,PfCRT,R371I,WT,WT,WT,Wildtype,Wildtype,Wildtype,NA,NA
7G8,DHFR,N51I,N51I,N51I,N51I,Major,Major,Major,N51I,N51I
7G8,DHFR,C59R,WT,WT,WT,Wildtype,Wildtype,Wildtype,NA,WT
7G8,DHFR,S108N,S108N,S108N,S108N,Major,Major,Major,S108N,S108N
7G8,DHFR,I164L,WT,WT,WT,Wildtype,Wildtype,Wildtype,NA,WT
7G8,DHPS,S436A,WT,WT,WT,Wildtype,Wildtype,Wildtype,NA,WT
7G8,DHPS,S436F,WT,WT,WT,NA,NA,NA,NA,WT
7G8,DHPS,A437G,WT,A437G,A437G,Major,Major,Major,A437G,NA
7G8,DHPS,K540E,WT,WT,WT,Wildtype,Wildtype,Wildtype,NA,WT
7G8,DHPS,A581G,WT,WT,WT,Wildtype,Wildtype,Wildtype,NA,WT
7G8,DHPS,A613S,WT,WT,WT,Wildtype,Wildtype,Wildtype,NA,WT
7G8,DHPS,A613T,WT,WT,WT,NA,NA,NA,NA,WT
7G8,K13,P441L,WT,WT,WT,Wildtype,Wildtype,Wildtype,NA,NA
7G8,K13,F446I,WT,WT,WT,NA,NA,NA,NA,NA
7G8,K13,G449A,WT,WT,WT,Wildtype,Wildtype,Wildtype,NA,NA
7G8,K13,N458Y,WT,WT,WT,NA,NA,NA,NA,NA
7G8,K13,C469Y,WT,WT,WT,Wildtype,Wildtype,Wildtype,NA,NA
7G8,K13,M476I,WT,WT,WT,NA,NA,NA,NA,NA
7G8,K13,A481V,WT,WT,WT,Wildtype,Wildtype,Wildtype,NA,NA
7G8,K13,Y493H,WT,WT,WT,NA,NA,NA,NA,NA
7G8,K13,S533C,WT,WT,WT,NA,NA,NA,NA,NA
7G8,K13,N537I,WT,WT,WT,Wildtype,Wildtype,Wildtype,NA,NA
7G8,K13,G538V,WT,WT,WT,Wildtype,Wildtype,Wildtype,NA,NA
7G8,K13,R539T,WT,WT,WT,NA,NA,NA,NA,NA
7G8,K13,I543T,WT,WT,WT,NA,NA,NA,NA,NA
7G8,K13,P553L,WT,WT,WT,NA,NA,NA,NA,NA
7G8,K13,R561H,WT,WT,WT,NA,NA,NA,NA,NA
7G8,K13,V568G,WT,WT,WT,Wildtype,Wildtype,Wildtype,NA,NA
7G8,K13,P574L,WT,WT,WT,NA,NA,NA,NA,NA
7G8,K13,A578S,WT,WT,WT,NA,NA,NA,NA,NA
7G8,K13,C580Y,WT,WT,WT,NA,NA,NA,NA,NA
7G8,K13,D584V,WT,WT,WT,Wildtype,Wildtype,Wildtype,NA,NA
7G8,K13,A675V,WT,WT,WT,Wildtype,Wildtype,Wildtype,NA,NA
7G8,PfMDR1,N86Y,WT,WT,WT,Wildtype,Wildtype,Wildtype,NA,WT
7G8,PfMDR1,Y184F,Y184F,Y184F,Y184F,Major,Major,Major,Y184F,Y184F
7G8,PfMDR1,S1034C,S1034C,S1034C,S1034C,Major,Major,Major,S1034C,S1034C
7G8,PfMDR1,N1042D,N1042D,N1042D,N1042D,Major,Major,Major,N1042D,N1042D
7G8,PfMDR1,D1246Y,D1246Y,D1246Y,D1246Y,Major,Major,Major,D1246Y,WT
D6,CYTOb,I258M,WT,WT,WT,Wildtype,Wildtype,Wildtype,NA,NA
D6,CYTOb,Y268S,WT,WT,WT,Wildtype,Wildtype,Wildtype,NA,NA
D6,PfCRT,C72S,WT,WT,WT,Wildtype,Wildtype,Wildtype,NA,WT
D6,PfCRT,V73V,WT,WT,WT,Wildtype,Wildtype,Wildtype,NA,WT
D6,PfCRT,M74I,WT,WT,WT,Wildtype,Wildtype,Wildtype,NA,WT
D6,PfCRT,N75E,WT,WT,WT,Wildtype,Wildtype,Wildtype,NA,WT
D6,PfCRT,K76T,WT,WT,WT,Wildtype,Wildtype,Wildtype,NA,WT
D6,PfCRT,A220S,WT,WT,WT,Wildtype,Wildtype,Wildtype,NA,NA
D6,PfCRT,Q271E,WT,WT,WT,Wildtype,Wildtype,Wildtype,NA,NA
D6,PfCRT,N326S,WT,WT,WT,Wildtype,Wildtype,Wildtype,NA,NA
D6,PfCRT,C350S,WT,WT,WT,Wildtype,Wildtype,Wildtype,NA,NA
D6,PfCRT,I356T,WT,WT,WT,Wildtype,Wildtype,Wildtype,NA,NA
D6,PfCRT,R371I,WT,WT,WT,Wildtype,Wildtype,Wildtype,NA,NA
D6,DHFR,N51I,WT,WT,WT,Wildtype,Wildtype,Wildtype,NA,WT
D6,DHFR,C59R,WT,WT,WT,Wildtype,Wildtype,Wildtype,NA,WT
D6,DHFR,S108N,WT,WT,WT,Wildtype,Wildtype,Wildtype,NA,WT
D6,DHFR,I164L,WT,WT,WT,Wildtype,Wildtype,Wildtype,NA,WT
D6,DHPS,S436A,WT,S436A,S436A,Major,Major,Major,S436A,S436A
D6,DHPS,A437G,WT,WT,WT,Wildtype,Wildtype,Wildtype,NA,NA
D6,DHPS,K540E,WT,WT,WT,Wildtype,Wildtype,Wildtype,NA,WT
D6,DHPS,A581G,WT,WT,WT,Wildtype,Wildtype,Wildtype,NA,WT
D6,DHPS,A613S,WT,WT,WT,Wildtype,Wildtype,Wildtype,NA,WT
D6,DHPS,A613T,WT,WT,WT,NA,NA,NA,NA,WT
D6,K13,P441L,WT,WT,WT,Wildtype,Wildtype,Wildtype,NA,NA
D6,K13,F446I,WT,WT,WT,NA,NA,NA,NA,NA
D6,K13,G449A,WT,WT,WT,Wildtype,Wildtype,Wildtype,NA,NA
D6,K13,N458Y,WT,WT,WT,NA,NA,NA,NA,NA
D6,K13,C469Y,WT,WT,WT,Wildtype,Wildtype,Wildtype,NA,NA
D6,K13,M476I,WT,WT,WT,NA,NA,NA,NA,NA
D6,K13,A481V,WT,WT,WT,Wildtype,Wildtype,Wildtype,NA,NA
D6,K13,Y493H,WT,WT,WT,NA,NA,NA,NA,NA
D6,K13,S533C,WT,WT,WT,NA,NA,NA,NA,NA
D6,K13,N537I,WT,WT,WT,Wildtype,Wildtype,Wildtype,NA,NA
D6,K13,G538V,WT,WT,WT,Wildtype,Wildtype,Wildtype,NA,NA
D6,K13,R539T,WT,WT,WT,NA,NA,NA,NA,NA
D6,K13,I543T,WT,WT,WT,NA,NA,NA,NA,NA
D6,K13,P553L,WT,WT,WT,NA,NA,NA,NA,NA
D6,K13,R561H,WT,WT,WT,NA,NA,NA,NA,NA
D6,K13,V568G,WT,WT,WT,Wildtype,Wildtype,Wildtype,NA,NA
D6,K13,P574L,WT,WT,WT,NA,NA,NA,NA,NA
D6,K13,A578S,WT,WT,WT,NA,NA,NA,NA,NA
D6,K13,C580Y,WT,WT,WT,NA,NA,NA,NA,NA
D6,K13,D584V,WT,WT,WT,Wildtype,Wildtype,Wildtype,NA,NA
D6,K13,A675V,WT,WT,WT,Wildtype,Wildtype,Wildtype,NA,NA
D6,PfMDR1,N86Y,WT,WT,WT,Wildtype,Wildtype,Wildtype,NA,NA
D6,PfMDR1,Y184F,WT,WT,WT,Wildtype,Wildtype,Wildtype,NA,NA
D6,PfMDR1,S1034C,WT,WT,WT,Wildtype,Wildtype,Wildtype,NA,NA
D6,PfMDR1,N1042D,WT,WT,WT,Wildtype,Wildtype,Wildtype,NA,NA
D6,PfMDR1,D1246Y,WT,WT,WT,Wildtype,Wildtype,Wildtype,NA,NA
Dd2,CYTOb,I258M,WT,WT,WT,NA,Wildtype,Wildtype,NA,NA
Dd2,CYTOb,Y268S,WT,WT,WT,NA,Wildtype,Wildtype,NA,NA
Dd2,PfCRT,C72S,WT,WT,WT,Wildtype,Wildtype,Wildtype,NA,WT
Dd2,PfCRT,V73V,WT,WT,WT,Wildtype,Wildtype,Wildtype,NA,WT
Dd2,PfCRT,M74I,WT,M74I,M74I,Major,Major,Major,NA,M74I
Dd2,PfCRT,N75E,WT,N75E,N75E,Major,Major,Major,NA,N75E
Dd2,PfCRT,K76T,K76T,K76T,K76T,Major,Major,Major,K76T,K76T
Dd2,PfCRT,A220S,WT,A220S,A220S,Major,Major,Major,A220S,NA
Dd2,PfCRT,Q271E,WT,Q271E,Q271E,Major,Major,Major,NA,NA
Dd2,PfCRT,N326S,WT,N326S,N326S,Wildtype,Wildtype,Wildtype,N326S,NA
Dd2,PfCRT,C350S,WT,WT,WT,Wildtype,Wildtype,Wildtype,NA,NA
Dd2,PfCRT,I356T,WT,I356T,I356T,Minor,Minor,Minor,I356T,NA
Dd2,PfCRT,R371I,WT,R371I,R371I,Major,Major,Major,R371I,NA
Dd2,DHFR,N51I,N51I,N51I,N51I,Major,Major,Major,N51I,N51I
Dd2,DHFR,C59R,C59R,C59R,C59R,Major,Major,Major,C59R,C59R
Dd2,DHFR,S108N,S108N,S108N,S108N,Major,Major,Major,S108N,S108N
Dd2,DHFR,I164L,WT,WT,WT,Wildtype,Wildtype,Wildtype,NA,WT
Dd2,DHPS,S436A,WT,WT,WT,Major,Major,Major,NA,NA
Dd2,DHPS,S436F,WT,S436F,S436F,Major,Major,Major,S436F,S436F
Dd2,DHPS,A437G,WT,A437G,A437G,Major,Major,Major,A437G,NA
Dd2,DHPS,K540E,WT,WT,WT,Wildtype,Wildtype,Wildtype,NA,WT
Dd2,DHPS,A581G,WT,WT,WT,Wildtype,Wildtype,Wildtype,NA,WT
Dd2,DHPS,A613S,WT,A613S,A613S,Major,Major,Major,A613S,A613S
Dd2,K13,P441L,WT,WT,WT,Wildtype,Wildtype,Wildtype,NA,NA
Dd2,K13,F446I,WT,WT,WT,NA,NA,NA,NA,NA
Dd2,K13,G449A,WT,WT,WT,Wildtype,Wildtype,Wildtype,NA,NA
Dd2,K13,N458Y,WT,WT,WT,NA,NA,NA,NA,NA
Dd2,K13,C469Y,WT,WT,WT,Wildtype,Wildtype,Wildtype,NA,NA
Dd2,K13,M476I,WT,WT,WT,NA,NA,NA,NA,NA
Dd2,K13,A481V,WT,WT,WT,Wildtype,Wildtype,Wildtype,NA,NA
Dd2,K13,Y493H,WT,WT,WT,NA,NA,NA,NA,NA
Dd2,K13,S533C,WT,WT,WT,NA,NA,NA,NA,NA
Dd2,K13,N537I,WT,WT,WT,Wildtype,Wildtype,Wildtype,NA,NA
Dd2,K13,G538V,WT,WT,WT,Wildtype,Wildtype,Wildtype,NA,NA
Dd2,K13,R539T,WT,WT,WT,NA,NA,NA,NA,NA
Dd2,K13,I543T,WT,WT,WT,NA,NA,NA,NA,NA
Dd2,K13,P553L,WT,WT,WT,NA,NA,NA,NA,NA
Dd2,K13,R561H,WT,WT,WT,NA,NA,NA,NA,NA
Dd2,K13,V568G,WT,WT,WT,Wildtype,Wildtype,Wildtype,NA,NA
Dd2,K13,P574L,WT,WT,WT,NA,NA,NA,NA,NA
Dd2,K13,A578S,WT,WT,WT,NA,NA,NA,NA,NA
Dd2,K13,C580Y,WT,WT,WT,NA,NA,NA,NA,NA
Dd2,K13,D584V,WT,WT,WT,Wildtype,Wildtype,Wildtype,NA,NA
Dd2,K13,A675V,WT,WT,WT,Wildtype,Wildtype,Wildtype,NA,NA
Dd2,PfMDR1,N86Y,WT,WT,WT,Major,Major,Major,N86Y,N86F
Dd2,PfMDR1,N86Y,WT,WT,WT,Major,Major,Major,N86Y,N86Y
Dd2,PfMDR1,Y184F,WT,WT,WT,Wildtype,Wildtype,Wildtype,NA,WT
Dd2,PfMDR1,S1034C,WT,WT,WT,Wildtype,Wildtype,Wildtype,NA,WT
Dd2,PfMDR1,N1042D,WT,WT,WT,Wildtype,Wildtype,Wildtype,NA,WT
Dd2,PfMDR1,D1246Y,WT,WT,WT,Wildtype,Wildtype,Wildtype,NA,WT
FC27,CYTOb,I258M,WT,WT,WT,NA,Wildtype,Wildtype,NA,NA
FC27,CYTOb,Y268S,WT,WT,WT,NA,Wildtype,Wildtype,NA,NA
FC27,PfCRT,C72S,WT,WT,WT,Wildtype,Wildtype,Wildtype,NA,NA
FCR3,PfCRT,V73V,WT,WT,WT,Wildtype,Wildtype,Wildtype,NA,WT
FC27,PfCRT,M74I,WT,WT,WT,Wildtype,Wildtype,Wildtype,NA,NA
FC27,PfCRT,N75E,WT,WT,WT,Wildtype,Wildtype,Wildtype,NA,NA
FC27,PfCRT,K76T,WT,WT,WT,Wildtype,Wildtype,Wildtype,NA,NA
FC27,PfCRT,A220S,WT,WT,WT,Wildtype,Wildtype,Wildtype,NA,NA
FC27,PfCRT,Q271E,WT,WT,WT,Wildtype,Wildtype,Wildtype,NA,NA
FC27,PfCRT,N326S,WT,WT,WT,Wildtype,Wildtype,Wildtype,NA,NA
FC27,PfCRT,C350S,WT,WT,WT,Wildtype,Wildtype,Wildtype,NA,NA
FC27,PfCRT,I356T,WT,WT,WT,Wildtype,Wildtype,Wildtype,NA,NA
FC27,PfCRT,R371I,WT,WT,WT,Wildtype,Wildtype,Wildtype,NA,NA
FC27,DHFR,N51I,WT,WT,WT,Wildtype,Wildtype,Wildtype,NA,NA
FC27,DHFR,C59R,WT,WT,WT,Wildtype,Wildtype,Wildtype,NA,NA
FC27,DHFR,S108N,WT,WT,WT,Wildtype,Wildtype,Wildtype,NA,NA
FC27,DHFR,I164L,WT,WT,WT,Wildtype,Wildtype,Wildtype,NA,NA
FC27,DHPS,S436A,WT,WT,WT,Wildtype,Wildtype,Wildtype,NA,NA
FCR3,DHPS,S436F,WT,WT,WT,NA,NA,NA,NA,WT
FC27,DHPS,A437G,WT,WT,WT,Wildtype,Wildtype,Wildtype,NA,NA
FC27,DHPS,K540E,WT,WT,WT,Wildtype,Wildtype,Wildtype,NA,NA
FC27,DHPS,A581G,WT,WT,WT,Wildtype,Wildtype,Wildtype,NA,NA
FC27,DHPS,A613S,WT,WT,WT,Wildtype,Wildtype,Wildtype,NA,NA
FCR3,DHPS,A613T,WT,WT,WT,NA,NA,NA,NA,WT
FC27,K13,P441L,WT,WT,WT,Wildtype,Wildtype,Wildtype,NA,NA
FC27,K13,F446I,WT,WT,WT,NA,NA,NA,NA,NA
FC27,K13,G449A,WT,WT,WT,Wildtype,Wildtype,Wildtype,NA,NA
FC27,K13,N458Y,WT,WT,WT,NA,NA,NA,NA,NA
FC27,K13,C469Y,WT,WT,WT,Wildtype,Wildtype,Wildtype,NA,NA
FC27,K13,M476I,WT,WT,WT,NA,NA,NA,NA,NA
FC27,K13,A481V,WT,WT,WT,Wildtype,Wildtype,Wildtype,NA,NA
FC27,K13,Y493H,WT,WT,WT,NA,NA,NA,NA,NA
FC27,K13,S533C,WT,WT,WT,NA,NA,NA,NA,NA
FC27,K13,N537I,WT,WT,WT,Wildtype,Wildtype,Wildtype,NA,NA
FC27,K13,G538V,WT,WT,WT,Wildtype,Wildtype,Wildtype,NA,NA
FC27,K13,R539T,WT,WT,WT,NA,NA,NA,NA,NA
FC27,K13,I543T,WT,WT,WT,NA,NA,NA,NA,NA
FC27,K13,P553L,WT,WT,WT,NA,NA,NA,NA,NA
FC27,K13,R561H,WT,WT,WT,NA,NA,NA,NA,NA
FC27,K13,V568G,WT,WT,WT,Wildtype,Wildtype,Wildtype,NA,NA
FC27,K13,P574L,WT,WT,WT,NA,NA,NA,NA,NA
FC27,K13,A578S,WT,WT,WT,NA,NA,NA,NA,NA
FC27,K13,C580Y,WT,WT,WT,NA,NA,NA,NA,NA
FC27,K13,D584V,WT,WT,WT,Wildtype,Wildtype,Wildtype,NA,NA
FC27,K13,A675V,WT,WT,WT,Wildtype,Wildtype,Wildtype,NA,NA
FC27,PfMDR1,N86Y,WT,WT,WT,Wildtype,Wildtype,Wildtype,NA,NA
FC27,PfMDR1,Y184F,WT,WT,WT,Wildtype,Wildtype,Wildtype,NA,NA
FC27,PfMDR1,S1034C,WT,WT,WT,Wildtype,Wildtype,Wildtype,NA,NA
FC27,PfMDR1,N1042D,WT,WT,WT,Wildtype,Wildtype,Wildtype,NA,NA
FC27,PfMDR1,D1246Y,WT,WT,WT,Wildtype,Wildtype,Wildtype,NA,NA
HB3,CYTOb,I258M,WT,WT,WT,NA,Wildtype,Wildtype,NA,NA
HB3,CYTOb,Y268S,WT,WT,WT,NA,Wildtype,Wildtype,NA,NA
HB3,PfCRT,C72S,WT,WT,WT,Wildtype,Wildtype,Wildtype,NA,WT
HB3,PfCRT,V73V,WT,WT,WT,Wildtype,Wildtype,Wildtype,NA,WT
HB3,PfCRT,M74I,WT,WT,WT,Wildtype,Wildtype,Wildtype,NA,WT
HB3,PfCRT,N75E,WT,WT,WT,Wildtype,Wildtype,Wildtype,NA,WT
HB3,PfCRT,K76T,WT,WT,WT,Wildtype,Wildtype,Wildtype,NA,WT
HB3,PfCRT,A220S,WT,WT,WT,Wildtype,Wildtype,Wildtype,NA,NA
HB3,PfCRT,Q271E,WT,WT,WT,Wildtype,Wildtype,Wildtype,NA,NA
HB3,PfCRT,N326S,WT,WT,WT,Wildtype,Wildtype,Wildtype,NA,NA
HB3,PfCRT,C350S,WT,WT,WT,Wildtype,Wildtype,Wildtype,NA,NA
HB3,PfCRT,I356T,WT,WT,WT,Wildtype,Wildtype,Wildtype,NA,NA
HB3,PfCRT,R371I,WT,WT,WT,Wildtype,Wildtype,Wildtype,NA,NA
HB3,DHFR,N51I,WT,WT,WT,Wildtype,Wildtype,Wildtype,NA,WT
HB3,DHFR,C59R,WT,WT,WT,Wildtype,Wildtype,Wildtype,NA,WT
HB3,DHFR,S108N,S108N,S108N,S108N,Major,Major,Major,S108N,S108N
HB3,DHFR,I164L,WT,WT,WT,Wildtype,Wildtype,Wildtype,NA,WT
HB3,DHPS,S436A,WT,WT,WT,Wildtype,Wildtype,Wildtype,NA,WT
HB3,DHPS,S436F,WT,WT,WT,NA,NA,NA,NA,WT
HB3,DHPS,A437G,WT,WT,WT,Wildtype,Wildtype,Wildtype,NA,NA
HB3,DHPS,K540E,WT,WT,WT,Wildtype,Wildtype,Wildtype,NA,WT
HB3,DHPS,A581G,WT,WT,WT,Wildtype,Wildtype,Wildtype,NA,WT
HB3,DHPS,A613S,WT,WT,WT,Wildtype,Wildtype,Wildtype,NA,WT
HB3,DHPS,A613T,WT,WT,WT,NA,NA,NA,NA,WT
HB3,K13,P441L,WT,WT,WT,Wildtype,Wildtype,Wildtype,NA,NA
HB3,K13,F446I,WT,WT,WT,NA,NA,NA,NA,NA
HB3,K13,G449A,WT,WT,WT,Wildtype,Wildtype,Wildtype,NA,NA
HB3,K13,N458Y,WT,WT,WT,NA,NA,NA,NA,NA
HB3,K13,C469Y,WT,WT,WT,Wildtype,Wildtype,Wildtype,NA,NA
HB3,K13,M476I,WT,WT,WT,NA,NA,NA,NA,NA
HB3,K13,A481V,WT,WT,WT,Wildtype,Wildtype,Wildtype,NA,NA
HB3,K13,Y493H,WT,WT,WT,NA,NA,NA,NA,NA
HB3,K13,S533C,WT,WT,WT,NA,NA,NA,NA,NA
HB3,K13,N537I,WT,WT,WT,Wildtype,Wildtype,Wildtype,NA,NA
HB3,K13,G538V,WT,WT,WT,Wildtype,Wildtype,Wildtype,NA,NA
HB3,K13,R539T,WT,WT,WT,NA,NA,NA,NA,NA
HB3,K13,I543T,WT,WT,WT,NA,NA,NA,NA,NA
HB3,K13,P553L,WT,WT,WT,NA,NA,NA,NA,NA
HB3,K13,R561H,WT,WT,WT,NA,NA,NA,NA,NA
HB3,K13,V568G,WT,WT,WT,Wildtype,Wildtype,Wildtype,NA,NA
HB3,K13,P574L,WT,WT,WT,NA,NA,NA,NA,NA
HB3,K13,A578S,WT,WT,WT,NA,NA,NA,NA,NA
HB3,K13,C580Y,WT,WT,WT,NA,NA,NA,NA,NA
HB3,K13,D584V,WT,WT,WT,Wildtype,Wildtype,Wildtype,NA,NA
HB3,K13,A675V,WT,WT,WT,Wildtype,Wildtype,Wildtype,NA,NA
HB3,PfMDR1,N86Y,WT,WT,WT,Wildtype,Wildtype,Wildtype,NA,WT
HB3,PfMDR1,Y184F,Y184F,Y184F,Y184F,Major,Major,Major,Y184F,Y184F
HB3,PfMDR1,S1034C,WT,WT,WT,Wildtype,Wildtype,Wildtype,NA,WT
HB3,PfMDR1,N1042D,N1042D,N1042D,N1042D,Major,Major,Major,N1042D,N1042D
HB3,PfMDR1,D1246Y,WT,WT,WT,Wildtype,Wildtype,Wildtype,NA,WT
Haiti,CYTOb,I258M,WT,WT,WT,NA,Wildtype,Wildtype,NA,NA
Haiti,CYTOb,Y268S,WT,WT,WT,NA,Wildtype,Wildtype,NA,NA
Haiti,PfCRT,C72S,WT,WT,WT,Wildtype,Wildtype,Wildtype,NA,NA
Haiti,PfCRT,M74I,WT,WT,WT,Wildtype,Wildtype,Wildtype,NA,NA
Haiti,PfCRT,N75E,WT,WT,WT,Wildtype,Wildtype,Wildtype,NA,NA
Haiti,PfCRT,K76T,WT,WT,WT,Wildtype,Wildtype,Wildtype,NA,NA
Haiti,PfCRT,A220S,WT,WT,WT,Wildtype,Wildtype,Wildtype,NA,NA
Haiti,PfCRT,Q271E,WT,WT,WT,Wildtype,Wildtype,Wildtype,NA,NA
Haiti,PfCRT,N326S,WT,WT,WT,Wildtype,Wildtype,Wildtype,NA,NA
Haiti,PfCRT,C350S,WT,WT,WT,Wildtype,Wildtype,Wildtype,NA,NA
Haiti,PfCRT,I356T,WT,WT,WT,Wildtype,Wildtype,Wildtype,NA,NA
Haiti,PfCRT,R371I,WT,WT,WT,Wildtype,Wildtype,Wildtype,NA,NA
Haiti,DHFR,N51I,WT,WT,WT,Wildtype,Wildtype,Wildtype,NA,NA
Haiti,DHFR,C59R,WT,WT,WT,Wildtype,Wildtype,Wildtype,NA,NA
Haiti,DHFR,I164L,WT,WT,WT,Wildtype,Wildtype,Wildtype,NA,NA
Haiti,DHPS,S436A,WT,WT,WT,Wildtype,Wildtype,Wildtype,NA,NA
Haiti,DHPS,A437G,WT,WT,WT,Wildtype,Wildtype,Wildtype,NA,NA
Haiti,DHPS,K540E,WT,WT,WT,Wildtype,Wildtype,Wildtype,NA,NA
Haiti,DHPS,A581G,WT,WT,WT,Wildtype,Wildtype,Wildtype,NA,NA
Haiti,DHPS,A613S,WT,WT,WT,Wildtype,Wildtype,Wildtype,NA,NA
Haiti,K13,P441L,WT,WT,WT,Wildtype,Wildtype,Wildtype,NA,NA
Haiti,K13,F446I,WT,WT,WT,NA,NA,NA,NA,NA
Haiti,K13,G449A,WT,WT,WT,Wildtype,Wildtype,Wildtype,NA,NA
Haiti,K13,N458Y,WT,WT,WT,NA,NA,NA,NA,NA
Haiti,K13,C469Y,WT,WT,WT,Wildtype,Wildtype,Wildtype,NA,NA
Haiti,K13,M476I,WT,WT,WT,NA,NA,NA,NA,NA
Haiti,K13,A481V,WT,WT,WT,Wildtype,Wildtype,Wildtype,NA,NA
Haiti,K13,Y493H,WT,WT,WT,NA,NA,NA,NA,NA
Haiti,K13,S533C,WT,WT,WT,NA,NA,NA,NA,NA
Haiti,K13,N537I,WT,WT,WT,Wildtype,Wildtype,Wildtype,NA,NA
Haiti,K13,G538V,WT,WT,WT,Wildtype,Wildtype,Wildtype,NA,NA
Haiti,K13,R539T,WT,WT,WT,NA,NA,NA,NA,NA
Haiti,K13,I543T,WT,WT,WT,NA,NA,NA,NA,NA
Haiti,K13,P553L,WT,WT,WT,NA,NA,NA,NA,NA
Haiti,K13,R561H,WT,WT,WT,NA,NA,NA,NA,NA
Haiti,K13,V568G,WT,WT,WT,Wildtype,Wildtype,Wildtype,NA,NA
Haiti,K13,P574L,WT,WT,WT,NA,NA,NA,NA,NA
Haiti,K13,A578S,WT,WT,WT,NA,NA,NA,NA,NA
Haiti,K13,C580Y,WT,WT,WT,NA,NA,NA,NA,NA
Haiti,K13,D584V,WT,WT,WT,Wildtype,Wildtype,Wildtype,NA,NA
Haiti,K13,A675V,WT,WT,WT,Wildtype,Wildtype,Wildtype,NA,NA
Haiti,PfMDR1,N86Y,N86Y,N86Y,N86Y,Major,Major,Major,N86Y,NA
Haiti,PfMDR1,Y184F,WT,WT,WT,Wildtype,Wildtype,Wildtype,Y184F,NA
Haiti,PfMDR1,S1034C,WT,WT,WT,Wildtype,Wildtype,Wildtype,NA,NA
Haiti,PfMDR1,N1042D,WT,WT,WT,Wildtype,Wildtype,Wildtype,NA,NA
Haiti,PfMDR1,D1246Y,WT,WT,WT,Wildtype,Wildtype,Wildtype,NA,NA
K1,CYTOb,I258M,WT,WT,WT,NA,Wildtype,Wildtype,NA,NA
K1,CYTOb,Y268S,WT,WT,WT,NA,Wildtype,Wildtype,NA,NA
K1,PfCRT,C72S,WT,WT,WT,Wildtype,Wildtype,Wildtype,NA,NA
K1,PfCRT,M74I,WT,M74I,M74I,Major,Major,Major,NA,NA
K1,PfCRT,N75E,WT,N75E,N75E,Major,Major,Major,NA,NA
K1,PfCRT,K76T,K76T,K76T,K76T,Major,Major,Major,K76T,NA
K1,PfCRT,A220S,WT,A220S,A220S,Major,Major,Major,A220S,NA
K1,PfCRT,Q271E,WT,Q271E,Q271E,Major,Major,Major,NA,NA
K1,PfCRT,N326S,WT,N326S,N326S,Wildtype,Wildtype,Wildtype,N326S,NA
K1,PfCRT,C350S,WT,WT,WT,Wildtype,Wildtype,Wildtype,NA,NA
K1,PfCRT,I356T,WT,WT,WT,Wildtype,Wildtype,Wildtype,NA,NA
K1,PfCRT,R371I,WT,R371I,R371I,Major,Major,Major,R371I,NA
K1,DHFR,N51I,WT,WT,WT,Wildtype,Wildtype,Wildtype,NA,NA
K1,DHFR,C59R,C59R,C59R,C59R,Major,Major,Major,C59R,NA
K1,DHFR,S108N,S108N,S108N,S108N,Major,Major,Major,S108N,NA
K1,DHFR,I164L,WT,WT,WT,Wildtype,Wildtype,Wildtype,NA,NA
K1,DHPS,S436A,WT,WT,WT,Wildtype,Wildtype,Wildtype,NA,NA
K1,DHPS,A437G,WT,A437G,A437G,Major,Major,Major,A437G,NA
K1,DHPS,K540E,WT,WT,WT,Wildtype,Wildtype,Wildtype,NA,NA
K1,DHPS,A581G,WT,A581G,A581G,Major,Major,Major,A581G,NA
K1,DHPS,A613S,WT,WT,WT,Wildtype,Wildtype,Wildtype,NA,NA
K1,K13,P441L,WT,WT,WT,Wildtype,Wildtype,Wildtype,NA,NA
K1,K13,F446I,WT,WT,WT,NA,NA,NA,NA,NA
K1,K13,G449A,WT,WT,WT,Wildtype,Wildtype,Wildtype,NA,NA
K1,K13,N458Y,WT,WT,WT,NA,NA,NA,NA,NA
K1,K13,C469Y,WT,WT,WT,Wildtype,Wildtype,Wildtype,NA,NA
K1,K13,M476I,WT,WT,WT,NA,NA,NA,NA,NA
K1,K13,A481V,WT,WT,WT,Wildtype,Wildtype,Wildtype,NA,NA
K1,K13,Y493H,WT,WT,WT,NA,NA,NA,NA,NA
K1,K13,S533C,WT,WT,WT,NA,NA,NA,NA,NA
K1,K13,N537I,WT,WT,WT,Wildtype,Wildtype,Wildtype,NA,NA
K1,K13,G538V,WT,WT,WT,Wildtype,Wildtype,Wildtype,NA,NA
K1,K13,R539T,WT,WT,WT,NA,NA,NA,NA,NA
K1,K13,I543T,WT,WT,WT,NA,NA,NA,NA,NA
K1,K13,P553L,WT,WT,WT,NA,NA,NA,NA,NA
K1,K13,R561H,WT,WT,WT,NA,NA,NA,NA,NA
K1,K13,V568G,WT,WT,WT,Wildtype,Wildtype,Wildtype,NA,NA
K1,K13,P574L,WT,WT,WT,NA,NA,NA,NA,NA
K1,K13,A578S,WT,WT,WT,NA,NA,NA,NA,NA
K1,K13,C580Y,WT,WT,WT,NA,NA,NA,NA,NA
K1,K13,D584V,WT,WT,WT,Wildtype,Wildtype,Wildtype,NA,NA
K1,K13,A675V,WT,WT,WT,Wildtype,Wildtype,Wildtype,NA,NA
K1,PfMDR1,N86Y,N86Y,N86Y,N86Y,Major,Major,Major,N86Y,NA
K1,PfMDR1,Y184F,WT,WT,WT,Wildtype,Wildtype,Wildtype,NA,NA
K1,PfMDR1,S1034C,WT,WT,WT,Wildtype,Wildtype,Wildtype,NA,NA
K1,PfMDR1,N1042D,WT,WT,WT,Wildtype,Wildtype,Wildtype,NA,NA
K1,PfMDR1,D1246Y,WT,WT,WT,Wildtype,Wildtype,Wildtype,NA,NA
MRA1236,CYTOb,I258M,WT,WT,WT,NA,Wildtype,Wildtype,NA,NA
MRA1236,CYTOb,Y268S,WT,WT,WT,NA,Wildtype,Wildtype,NA,NA
MRA1236,PfCRT,C72S,WT,WT,WT,Wildtype,Wildtype,Wildtype,NA,NA
MRA1236,PfCRT,M74I,WT,M74I,M74I,Major,Major,Major,NA,NA
MRA1236,PfCRT,N75E,WT,N75E,N75E,Major,Major,Major,NA,NA
MRA1236,PfCRT,K76T,K76T,K76T,K76T,Major,Major,Major,K76T,NA
MRA1236,PfCRT,A220S,WT,A220S,A220S,Major,Major,Major,A220S,NA
MRA1236,PfCRT,Q271E,WT,Q271E,Q271E,Major,Major,Major,NA,NA
MRA1236,PfCRT,N326S,WT,N326S,N326S,Wildtype,Wildtype,Wildtype,N326S,NA
MRA1236,PfCRT,C350S,WT,WT,WT,Wildtype,Wildtype,Wildtype,NA,NA
MRA1236,PfCRT,I356T,WT,I356T,I356T,Major,Major,Major,I356T,NA
MRA1236,PfCRT,R371I,WT,R371I,R371I,Major,Major,Major,R371I,NA
MRA1236,DHFR,N51I,N51I,N51I,N51I,Major,Major,Major,N51I,NA
MRA1236,DHFR,C59R,C59R,C59R,C59R,Major,Major,Major,C59R,NA
MRA1236,DHFR,S108N,S108N,S108N,S108N,Major,Major,Major,S108N,NA
MRA1236,DHFR,I164L,WT,WT,WT,Wildtype,Wildtype,Wildtype,NA,NA
MRA1236,DHPS,S436A,WT,S436A,S436A,Major,Major,Major,S436A,NA
MRA1236,DHPS,A437G,WT,A437G,A437G,Major,Major,Major,A437G,NA
MRA1236,DHPS,K540E,WT,K540E,K540E,Major,Major,Major,K540E,NA
MRA1236,DHPS,A581G,WT,WT,WT,Wildtype,Wildtype,Wildtype,NA,NA
MRA1236,DHPS,A613S,WT,WT,WT,Wildtype,Wildtype,Wildtype,NA,NA
MRA1236,K13,P441L,WT,WT,WT,Wildtype,Wildtype,Wildtype,NA,NA
MRA1236,K13,F446I,WT,WT,WT,NA,NA,NA,NA,NA
MRA1236,K13,G449A,WT,WT,WT,Wildtype,Wildtype,Wildtype,NA,NA
MRA1236,K13,N458Y,WT,WT,WT,NA,NA,NA,NA,NA
MRA1236,K13,C469Y,WT,WT,WT,Wildtype,Wildtype,Wildtype,NA,NA
MRA1236,K13,M476I,WT,WT,WT,NA,NA,NA,NA,NA
MRA1236,K13,A481V,WT,WT,WT,Wildtype,Wildtype,Wildtype,NA,NA
MRA1236,K13,Y493H,WT,WT,WT,NA,NA,NA,NA,NA
MRA1236,K13,S533C,WT,WT,WT,NA,NA,NA,NA,NA
MRA1236,K13,N537I,WT,WT,WT,Wildtype,Wildtype,Wildtype,NA,NA
MRA1236,K13,G538V,WT,WT,WT,Wildtype,Wildtype,Wildtype,NA,NA
MRA1236,K13,R539T,WT,WT,WT,NA,NA,NA,NA,NA
MRA1236,K13,I543T,WT,WT,WT,NA,NA,NA,NA,NA
MRA1236,K13,P553L,WT,WT,WT,NA,NA,NA,NA,NA
MRA1236,K13,R561H,WT,WT,WT,NA,NA,NA,NA,NA
MRA1236,K13,V568G,WT,WT,WT,Wildtype,Wildtype,Wildtype,NA,NA
MRA1236,K13,P574L,WT,WT,WT,NA,NA,NA,NA,NA
MRA1236,K13,A578S,WT,WT,WT,NA,NA,NA,NA,NA
MRA1236,K13,C580Y,C580Y,C580Y,C580Y,NA,NA,NA,C580Y,NA
MRA1236,K13,D584V,WT,WT,WT,Wildtype,Wildtype,Wildtype,NA,NA
MRA1236,K13,A675V,WT,WT,WT,Wildtype,Wildtype,Wildtype,NA,NA
MRA1236,PfMDR1,N86Y,WT,WT,WT,Wildtype,Wildtype,Wildtype,NA,NA
MRA1236,PfMDR1,Y184F,WT,WT,WT,Wildtype,Wildtype,Wildtype,NA,NA
MRA1236,PfMDR1,S1034C,WT,WT,WT,Wildtype,Wildtype,Wildtype,NA,NA
MRA1236,PfMDR1,N1042D,WT,WT,WT,Wildtype,Wildtype,Wildtype,NA,NA
MRA1236,PfMDR1,D1246Y,WT,WT,WT,Wildtype,Wildtype,Wildtype,NA,NA
V1-S,CYTOb,I258M,WT,WT,WT,NA,Wildtype,Wildtype,NA,NA
V1-S,CYTOb,Y268S,WT,WT,WT,NA,Wildtype,Wildtype,NA,NA
V1-S,PfCRT,C72S,WT,WT,WT,Wildtype,Wildtype,Wildtype,NA,WT
V1-S,PfCRT,V73V,WT,WT,WT,Wildtype,Wildtype,Wildtype,NA,WT
V1-S,PfCRT,M74I,WT,M74I,M74I,Major,Major,Major,NA,M74I
V1-S,PfCRT,N75E,WT,N75E,N75E,Major,Major,Major,NA,N75E
V1-S,PfCRT,K76T,K76T,K76T,K76T,Major,Major,Major,K76T,K76T
V1-S,PfCRT,A220S,WT,A220S,A220S,Major,Major,Major,A220S,NA
V1-S,PfCRT,Q271E,WT,Q271E,Q271E,Major,Major,Major,Q271E,NA
V1-S,PfCRT,N326S,WT,N326S,N326S,Wildtype,Wildtype,Wildtype,N326S,NA
V1-S,PfCRT,C350S,WT,WT,WT,Wildtype,Wildtype,Wildtype,NA,NA
V1-S,PfCRT,I356T,WT,I356T,I356T,Major,Major,Major,I356T,NA
V1-S,PfCRT,R371I,WT,R371I,R371I,Major,Major,Major,R371I,NA
V1-S,DHFR,N51I,N51I,N51I,N51I,Major,Major,Major,N51I,N51I
V1-S,DHFR,C59R,C59R,C59R,C59R,Major,Major,Major,C59R,C59R
V1-S,DHFR,S108N,S108N,S108N,S108N,Major,Major,Major,S108N,S108T
V1-S,DHFR,I164L,I164L,I164L,I164L,Major,Major,Major,I164L,I164L
V1-S,DHPS,S436A,WT,WT,WT,Major,Major,Major,NA,NA
V1-S,DHPS,S436F,WT,S436F,S436F,Major,Major,Major,S436F,S436F
V1-S,DHPS,A437G,WT,A437G,A437G,Major,Major,Major,A437G,NA
V1-S,DHPS,K540E,WT,WT,WT,Wildtype,Wildtype,Wildtype,NA,WT
V1-S,DHPS,A581G,WT,WT,WT,Wildtype,Wildtype,Wildtype,NA,WT
V1-S,DHPS,A613S,WT,WT,WT,Major,Major,Major,NA,NA
V1-S,DHPS,A613T,WT,A613T,A613T,Major,Major,Major,A613T,A613T
V1-S,K13,P441L,WT,WT,WT,Wildtype,Wildtype,Wildtype,NA,NA
V1-S,K13,F446I,WT,WT,WT,NA,NA,NA,NA,NA
V1-S,K13,G449A,WT,WT,WT,Wildtype,Wildtype,Wildtype,NA,NA
V1-S,K13,N458Y,WT,WT,WT,NA,NA,NA,NA,NA
V1-S,K13,C469Y,WT,WT,WT,Wildtype,Wildtype,Wildtype,NA,NA
V1-S,K13,M476I,WT,WT,WT,NA,NA,NA,NA,NA
V1-S,K13,A481V,WT,WT,WT,Wildtype,Wildtype,Wildtype,NA,NA
V1-S,K13,Y493H,WT,WT,WT,NA,NA,NA,NA,NA
V1-S,K13,S533C,WT,WT,WT,NA,NA,NA,NA,NA
V1-S,K13,N537I,WT,WT,WT,Wildtype,Wildtype,Wildtype,NA,NA
V1-S,K13,G538V,WT,WT,WT,Wildtype,Wildtype,Wildtype,NA,NA
V1-S,K13,R539T,WT,WT,WT,NA,NA,NA,NA,NA
V1-S,K13,I543T,WT,WT,WT,NA,NA,NA,NA,NA
V1-S,K13,P553L,WT,WT,WT,NA,NA,NA,NA,NA
V1-S,K13,R561H,WT,WT,WT,NA,NA,NA,NA,NA
V1-S,K13,V568G,WT,WT,WT,Wildtype,Wildtype,Wildtype,NA,NA
V1-S,K13,P574L,WT,WT,WT,NA,NA,NA,NA,NA
V1-S,K13,A578S,WT,WT,WT,NA,NA,NA,NA,NA
V1-S,K13,C580Y,WT,WT,WT,NA,NA,NA,NA,NA
V1-S,K13,D584V,WT,WT,WT,Wildtype,Wildtype,Wildtype,NA,NA
V1-S,K13,A675V,WT,WT,WT,Wildtype,Wildtype,Wildtype,NA,NA
V1-S,PfMDR1,N86Y,N86Y,N86Y,N86Y,Major,Major,Major,N86Y,N86Y
V1-S,PfMDR1,Y184F,WT,WT,WT,Wildtype,Wildtype,Wildtype,NA,WT
V1-S,PfMDR1,S1034C,WT,WT,WT,Wildtype,Wildtype,Wildtype,NA,WT
V1-S,PfMDR1,N1042D,WT,WT,WT,Wildtype,Wildtype,Wildtype,NA,WT
V1-S,PfMDR1,D1246Y,WT,WT,WT,Wildtype,Wildtype,Wildtype,NA,WT
W2-mef,CYTOb,I258M,WT,WT,WT,NA,Wildtype,Wildtype,NA,NA
W2-mef,CYTOb,Y268S,WT,WT,WT,NA,Wildtype,Wildtype,NA,NA
W2-mef,PfCRT,C72S,WT,WT,WT,Wildtype,Wildtype,Wildtype,NA,NA
W2-mef,PfCRT,V73V,WT,WT,WT,Wildtype,Wildtype,Wildtype,NA,NA
W2-mef,PfCRT,M74I,WT,M74I,M74I,Major,Major,Major,NA,NA
W2-mef,PfCRT,N75E,WT,N75E,N75E,Major,Major,Major,NA,NA
W2-mef,PfCRT,K76T,K76T,K76T,K76T,Major,Major,Major,K76T,NA
W2-mef,PfCRT,A220S,WT,A220S,A220S,Major,Major,Major,A220S,NA
W2-mef,PfCRT,Q271E,WT,Q271E,Q271E,Major,Major,Major,Q271E,NA
W2-mef,PfCRT,N326S,WT,N326S,N326S,Wildtype,Wildtype,Wildtype,N326S,NA
W2-mef,PfCRT,C350S,WT,WT,WT,Wildtype,Wildtype,Wildtype,NA,NA
W2-mef,PfCRT,I356T,WT,I356T,I356T,Major,Major,Major,I356T,NA
W2-mef,PfCRT,R371I,WT,R371I,R371I,Major,Major,Major,R371I,NA
W2-mef,DHFR,N51I,N51I,N51I,N51I,Major,Major,Major,N51I,N51I
W2-mef,DHFR,C59R,C59R,C59R,C59R,Major,Major,Major,C59R,C59R
W2-mef,DHFR,S108N,S108N,S108N,S108N,Major,Major,Major,S108N,S108N
W2-mef,DHFR,I164L,WT,WT,WT,Wildtype,Wildtype,Wildtype,NA,WT
W2-mef,DHPS,S436A,WT,WT,WT,Major,Major,Major,NA,NA
W2-mef,DHPS,S436F,WT,S436F,S436F,Major,Major,Major,S436F,S436F
W2-mef,DHPS,A437G,WT,A437G,A437G,Major,Major,Major,A437G,NA
W2-mef,DHPS,K540E,WT,WT,WT,Wildtype,Wildtype,Wildtype,NA,WT
W2-mef,DHPS,A581G,WT,WT,WT,Wildtype,Wildtype,Wildtype,NA,WT
W2-mef,DHPS,A613S,WT,A613S,A613S,Major,Major,Major,A613S,A613S
W2-mef,K13,P441L,WT,WT,WT,Wildtype,Wildtype,Wildtype,NA,NA
W2-mef,K13,F446I,WT,WT,WT,NA,NA,NA,NA,NA
W2-mef,K13,G449A,WT,WT,WT,Wildtype,Wildtype,Wildtype,NA,NA
W2-mef,K13,N458Y,WT,WT,WT,NA,NA,NA,NA,NA
W2-mef,K13,C469Y,WT,WT,WT,Wildtype,Wildtype,Wildtype,NA,NA
W2-mef,K13,M476I,WT,WT,WT,NA,NA,NA,NA,NA
W2-mef,K13,A481V,WT,WT,WT,Wildtype,Wildtype,Wildtype,NA,NA
W2-mef,K13,Y493H,WT,WT,WT,NA,NA,NA,NA,NA
W2-mef,K13,S533C,WT,WT,WT,NA,NA,NA,NA,NA
W2-mef,K13,N537I,WT,WT,WT,Wildtype,Wildtype,Wildtype,NA,NA
W2-mef,K13,G538V,WT,WT,WT,Wildtype,Wildtype,Wildtype,NA,NA
W2-mef,K13,R539T,WT,WT,WT,NA,NA,NA,NA,NA
W2-mef,K13,I543T,WT,WT,WT,NA,NA,NA,NA,NA
W2-mef,K13,P553L,WT,WT,WT,NA,NA,NA,NA,NA
W2-mef,K13,R561H,WT,WT,WT,NA,NA,NA,NA,NA
W2-mef,K13,V568G,WT,WT,WT,Wildtype,Wildtype,Wildtype,NA,NA
W2-mef,K13,P574L,WT,WT,WT,NA,NA,NA,NA,NA
W2-mef,K13,A578S,WT,WT,WT,NA,NA,NA,NA,NA
W2-mef,K13,C580Y,WT,WT,WT,NA,NA,NA,NA,NA
W2-mef,K13,D584V,WT,WT,WT,Wildtype,Wildtype,Wildtype,NA,NA
W2-mef,K13,A675V,WT,WT,WT,Wildtype,Wildtype,Wildtype,NA,NA
W2-mef,PfMDR1,N86Y,WT,WT,WT,Major,Major,Major,NA,N86Y
W2-mef,PfMDR1,Y184F,WT,WT,WT,Wildtype,Wildtype,Wildtype,NA,WT
W2-mef,PfMDR1,S1034C,WT,WT,WT,Wildtype,Wildtype,Wildtype,NA,WT
W2-mef,PfMDR1,N1042D,WT,WT,WT,Wildtype,Wildtype,Wildtype,NA,WT
W2-mef,PfMDR1,D1246Y,WT,WT,WT,Wildtype,Wildtype,Wildtype,NA,WT
Haiti,DHFR,S108T,NA,NA,NA,Major,Major,Major,S108T,NA
Haiti,DHFR,A16V,NA,NA,NA,Major,Major,Major,A16V,NA
3D7,PfMDR1,E130K,NA,NA,NA,NA,NA,NA,NA,WT
3D7,PfMDR1,D144G,NA,NA,NA,NA,NA,NA,NA,WT
3D7,PfMDR1,V1109V,NA,NA,NA,NA,NA,NA,NA,WT
3D7,DHFR,C50R,NA,NA,NA,NA,NA,NA,NA,WT
3D7,DHPS,G437A,NA,NA,NA,NA,NA,NA,NA,WT
7G8,PfMDR1,E130K,NA,NA,NA,NA,NA,NA,NA,WT
7G8,PfMDR1,D144G,NA,NA,NA,NA,NA,NA,NA,WT
7G8,PfMDR1,V1109V,NA,NA,NA,NA,NA,NA,NA,WT
7G8,DHFR,C50R,NA,NA,NA,NA,NA,NA,NA,WT
7G8,DHPS,G437A,NA,NA,NA,NA,NA,NA,NA,WT
Dd2,PfMDR1,E130K,NA,NA,NA,NA,NA,NA,NA,WT
Dd2,PfMDR1,D144G,NA,NA,NA,NA,NA,NA,NA,WT
Dd2,PfMDR1,V1109V,NA,NA,NA,NA,NA,NA,NA,WT
Dd2,DHFR,C50R,NA,NA,NA,NA,NA,NA,NA,WT
Dd2,DHPS,G437A,NA,NA,NA,NA,NA,NA,NA,WT
FCR3,PfCRT,C72S,NA,NA,NA,NA,NA,NA,NA,WT
FCR3,PfCRT,M74I,NA,NA,NA,NA,NA,NA,NA,M74I
FCR3,PfCRT,N75E,NA,NA,NA,NA,NA,NA,NA,N75E
FCR3,PfCRT,K76T,NA,NA,NA,NA,NA,NA,NA,K76T
FCR3,PfMDR1,N86Y,NA,NA,NA,NA,NA,NA,NA,N86Y
FCR3,PfMDR1,E130K,NA,NA,NA,NA,NA,NA,NA,WT
FCR3,PfMDR1,D144G,NA,NA,NA,NA,NA,NA,NA,WT
FCR3,PfMDR1,Y184F,NA,NA,NA,NA,NA,NA,NA,WT
FCR3,PfMDR1,S1034C,NA,NA,NA,NA,NA,NA,NA,WT
FCR3,PfMDR1,N1042D,NA,NA,NA,NA,NA,NA,NA,WT
FCR3,PfMDR1,V1109V,NA,NA,NA,NA,NA,NA,NA,WT
FCR3,PfMDR1,D1246Y,NA,NA,NA,NA,NA,NA,NA,WT
FCR3,DHFR,C50R,NA,NA,NA,NA,NA,NA,NA,WT
FCR3,DHFR,N51I,NA,NA,NA,NA,NA,NA,NA,WT
FCR3,DHFR,C59R,NA,NA,NA,NA,NA,NA,NA,WT
FCR3,DHFR,S108N,NA,NA,NA,NA,NA,NA,NA,S108T
FCR3,DHFR,I164L,NA,NA,NA,NA,NA,NA,NA,WT
FCR3,DHPS,S436A,NA,NA,NA,NA,NA,NA,NA,WT
FCR3,DHPS,G437A,NA,NA,NA,NA,NA,NA,NA,G437A
FCR3,DHPS,K540E,NA,NA,NA,NA,NA,NA,NA,WT
FCR3,DHPS,A581G,NA,NA,NA,NA,NA,NA,NA,WT
FCR3,DHPS,A613S,NA,NA,NA,NA,NA,NA,NA,WT
HB3,PfMDR1,E130K,NA,NA,NA,NA,NA,NA,NA,WT
HB3,PfMDR1,D144G,NA,NA,NA,NA,NA,NA,NA,WT
HB3,PfMDR1,V1109V,NA,NA,NA,NA,NA,NA,NA,WT
HB3,DHFR,C50R,NA,NA,NA,NA,NA,NA,NA,WT
HB3,DHPS,G437A,NA,NA,NA,NA,NA,NA,NA,G437A
V1-S,PfMDR1,E130K,NA,NA,NA,NA,NA,NA,NA,WT
V1-S,PfMDR1,D144G,NA,NA,NA,NA,NA,NA,NA,WT
V1-S,PfMDR1,V1109V,NA,NA,NA,NA,NA,NA,NA,WT
V1-S,DHFR,C50R,NA,NA,NA,NA,NA,NA,NA,WT
V1-S,DHPS,G437A,NA,NA,NA,NA,NA,NA,NA,WT
D6,PfMDR1,E130K,NA,NA,NA,NA,NA,NA,NA,NA
D6,PfMDR1,D144G,NA,NA,NA,NA,NA,NA,NA,NA
D6,PfMDR1,V1109V,NA,NA,NA,NA,NA,NA,NA,NA
D6,DHFR,C50R,NA,NA,NA,NA,NA,NA,NA,WT
D6,DHPS,G437A,NA,NA,NA,NA,NA,NA,NA,G437A
W2-mef,PfMDR1,E130K,NA,NA,NA,NA,NA,NA,NA,NA
W2-mef,PfMDR1,D144G,NA,NA,NA,NA,NA,NA,NA,NA
W2-mef,PfMDR1,V1109V,NA,NA,NA,NA,NA,NA,NA,NA
W2-mef,DHFR,C50R,NA,NA,NA,NA,NA,NA,NA,WT
W2-mef,DHPS,G437A,NA,NA,NA,NA,NA,NA,NA,WT
